Name,Description,Source,Status
int.wmo.wis.wme.event,Generic event,Experimental,
int.wmo.wis.wme.event.connection,Connection related event,Experimental
int.wmo.wis.wme.event.item.cache,Event related to the caching of a data granule/item or metadata,Experimental
int.wmo.wis.wme.event.item.download,Event related to data item download from a collection/dataset,Experimental
int.wmo.wis.wme.event.item.integrity,Event related to data integrity check of a data granule/item,Experimental
int.wmo.wis.wme.event.log,Event related to publication of a Log or similar monitoring details,Experimental
int.wmo.wis.wme.event.maintenance,Event related to a maintenance of a centre infrastructure,Experimental
int.wmo.wis.wme.event.metadata-archive,Event related to publication of a Metadata archive,Experimental
int.wmo.wis.wme.event.wcmp2.ets,Event containing a WCMP2 ETS report,Experimental
int.wmo.wis.wme.event.wcmp2.kpi,Event containing a WCMP2 KPI report,Experimental
int.wmo.wis.wme.event.wnm.validation.content,Event related to validation of WNM content element,Experimental
int.wmo.wis.wme.event.wnm.validation.format,Event related to validation of WNM format,Experimental
int.wmo.wis.wme.event.wnm.validation.metadata,Event related to validation of WNM metadata identifier,Experimental
int.wmo.wis.wme.event.wnm.validation.topic,Event related to validation of the WNM topic,Experimental
